{
  "id": "three-card-section",
  "elType": "section",
  "settings": {
    "background_background": "classic",
    "background_color": "#f5f5f5",
    "padding": {
      "unit": "px",
      "top": "80",
      "right": "0",
      "bottom": "80",
      "left": "0",
      "isLinked": false
    }
  },
  "elements": [
    {
      "id": "cards-container",
      "elType": "container",
      "settings": {
        "content_width": "full",
        "margin": {
          "unit": "px",
          "top": "0",
          "right": "0",
          "bottom": "0",
          "left": "0",
          "isLinked": false
        },
        "padding": {
          "unit": "px",
          "top": "0",
          "right": "30",
          "bottom": "0",
          "left": "30",
          "isLinked": false
        }
      },
      "elements": [
        {
          "id": "card-1",
          "elType": "container",
          "settings": {
            "width": "33.33%",
            "display": "inline-block",
            "margin": {
              "unit": "px",
              "top": "0",
              "right": "15",
              "bottom": "0",
              "left": "15",
              "isLinked": false
            },
            "padding": {
              "unit": "px",
              "top": "0",
              "right": "0",
              "bottom": "0",
              "left": "0",
              "isLinked": false
            },
            "background_background": "classic",
            "background_color": "#ffffff",
            "border_border": "solid",
            "border_color": "#e0e0e0",
            "border_width": {
              "unit": "px",
              "top": "1",
              "right": "1",
              "bottom": "1",
              "left": "1",
              "isLinked": true
            },
            "border_radius": "8px",
            "box_shadow": "0 4px 15px rgba(0, 0, 0, 0.1)",
            "transition": "all 0.3s ease-in-out",
            "transform": "translateY(0px)"
          },
          "elements": [
            {
              "id": "card-1-image",
              "elType": "widget",
              "widgetType": "image",
              "settings": {
                "image": {
                  "url": "https://beardsandbucks.com/wp-content/uploads/2025/12/Gemini_Generated_Image_7giywk7giywk7giy-scaled.png",
                  "id": "4680",
                  "size": "full"
                },
                "image_size": "full",
                "image_custom_dimension": [],
                "image_border_radius": {
                  "unit": "px",
                  "top": "8",
                  "right": "8",
                  "bottom": "0",
                  "left": "8",
                  "isLinked": false
                },
                "margin": {
                  "unit": "px",
                  "top": "0",
                  "right": "0",
                  "bottom": "0",
                  "left": "0",
                  "isLinked": false
                },
                "padding": {
                  "unit": "px",
                  "top": "0",
                  "right": "0",
                  "bottom": "0",
                  "left": "0",
                  "isLinked": false
                },
                "height": {
                  "unit": "px",
                  "size": "280"
                },
                "object_fit": "cover"
              }
            },
            {
              "id": "card-1-content",
              "elType": "container",
              "settings": {
                "padding": {
                  "unit": "px",
                  "top": "30",
                  "right": "25",
                  "bottom": "30",
                  "left": "25",
                  "isLinked": false
                }
              },
              "elements": [
                {
                  "id": "card-1-title",
                  "elType": "widget",
                  "widgetType": "heading",
                  "settings": {
                    "title": "Find Guided Hunts",
                    "header_size": "h3",
                    "typography_typography": "custom",
                    "typography_font_size": {
                      "unit": "px",
                      "size": "24"
                    },
                    "typography_font_weight": "700",
                    "typography_line_height": {
                      "unit": "em",
                      "size": "1.3"
                    },
                    "text_color": "#333D29",
                    "margin": {
                      "unit": "px",
                      "top": "0",
                      "right": "0",
                      "bottom": "15",
                      "left": "0",
                      "isLinked": false
                    }
                  }
                },
                {
                  "id": "card-1-description",
                  "elType": "widget",
                  "widgetType": "text-editor",
                  "settings": {
                    "editor": "Dial in top-rated hunts from trusted outfitters across Illinois.",
                    "typography_typography": "custom",
                    "typography_font_size": {
                      "unit": "px",
                      "size": "15"
                    },
                    "typography_line_height": {
                      "unit": "em",
                      "size": "1.6"
                    },
                    "text_color": "#656D4A",
                    "margin": {
                      "unit": "px",
                      "top": "0",
                      "right": "0",
                      "bottom": "20",
                      "left": "0",
                      "isLinked": false
                    }
                  }
                },
                {
                  "id": "card-1-button",
                  "elType": "widget",
                  "widgetType": "button",
                  "settings": {
                    "text": "Find Hunts",
                    "link": {
                      "url": "/browse-outfitters/",
                      "is_external": false,
                      "nofollow": false,
                      "custom_attributes": ""
                    },
                    "button_type": "default",
                    "size": "md",
                    "button_custom_height": {
                      "unit": "px",
                      "size": "48"
                    },
                    "button_border_radius": {
                      "unit": "px",
                      "top": "4",
                      "right": "4",
                      "bottom": "4",
                      "left": "4",
                      "isLinked": true
                    },
                    "button_background_color": "#7F4F24",
                    "button_text_color": "#ffffff",
                    "button_typography_typography": "custom",
                    "button_typography_font_size": {
                      "unit": "px",
                      "size": "16"
                    },
                    "button_typography_font_weight": "600",
                    "button_border_border": "none",
                    "button_box_shadow": "0 2px 8px rgba(127, 79, 36, 0.3)",
                    "button_transition": "all 0.3s ease"
                  }
                }
              ]
            }
          ]
        },
        {
          "id": "card-2",
          "elType": "container",
          "settings": {
            "width": "33.33%",
            "display": "inline-block",
            "margin": {
              "unit": "px",
              "top": "0",
              "right": "15",
              "bottom": "0",
              "left": "15",
              "isLinked": false
            },
            "padding": {
              "unit": "px",
              "top": "0",
              "right": "0",
              "bottom": "0",
              "left": "0",
              "isLinked": false
            },
            "background_background": "classic",
            "background_color": "#ffffff",
            "border_border": "solid",
            "border_color": "#e0e0e0",
            "border_width": {
              "unit": "px",
              "top": "1",
              "right": "1",
              "bottom": "1",
              "left": "1",
              "isLinked": true
            },
            "border_radius": "8px",
            "box_shadow": "0 4px 15px rgba(0, 0, 0, 0.1)",
            "transition": "all 0.3s ease-in-out",
            "transform": "translateY(0px)"
          },
          "elements": [
            {
              "id": "card-2-image",
              "elType": "widget",
              "widgetType": "image",
              "settings": {
                "image": {
                  "url": "https://beardsandbucks.com/wp-content/uploads/2025/12/Gemini_Generated_Image_530kim530kim530k-1-scaled.png",
                  "id": "4681",
                  "size": "full"
                },
                "image_size": "full",
                "image_custom_dimension": [],
                "image_border_radius": {
                  "unit": "px",
                  "top": "8",
                  "right": "8",
                  "bottom": "0",
                  "left": "8",
                  "isLinked": false
                },
                "margin": {
                  "unit": "px",
                  "top": "0",
                  "right": "0",
                  "bottom": "0",
                  "left": "0",
                  "isLinked": false
                },
                "padding": {
                  "unit": "px",
                  "top": "0",
                  "right": "0",
                  "bottom": "0",
                  "left": "0",
                  "isLinked": false
                },
                "height": {
                  "unit": "px",
                  "size": "280"
                },
                "object_fit": "cover"
              }
            },
            {
              "id": "card-2-content",
              "elType": "container",
              "settings": {
                "padding": {
                  "unit": "px",
                  "top": "30",
                  "right": "25",
                  "bottom": "30",
                  "left": "25",
                  "isLinked": false
                }
              },
              "elements": [
                {
                  "id": "card-2-title",
                  "elType": "widget",
                  "widgetType": "heading",
                  "settings": {
                    "title": "Local Vendors",
                    "header_size": "h3",
                    "typography_typography": "custom",
                    "typography_font_size": {
                      "unit": "px",
                      "size": "24"
                    },
                    "typography_font_weight": "700",
                    "typography_line_height": {
                      "unit": "em",
                      "size": "1.3"
                    },
                    "text_color": "#333D29",
                    "margin": {
                      "unit": "px",
                      "top": "0",
                      "right": "0",
                      "bottom": "15",
                      "left": "0",
                      "isLinked": false
                    }
                  }
                },
                {
                  "id": "card-2-description",
                  "elType": "widget",
                  "widgetType": "text-editor",
                  "settings": {
                    "editor": "Discover nearby shops and pros to gear up, tune up, and get expert support.",
                    "typography_typography": "custom",
                    "typography_font_size": {
                      "unit": "px",
                      "size": "15"
                    },
                    "typography_line_height": {
                      "unit": "em",
                      "size": "1.6"
                    },
                    "text_color": "#656D4A",
                    "margin": {
                      "unit": "px",
                      "top": "0",
                      "right": "0",
                      "bottom": "20",
                      "left": "0",
                      "isLinked": false
                    }
                  }
                },
                {
                  "id": "card-2-button",
                  "elType": "widget",
                  "widgetType": "button",
                  "settings": {
                    "text": "Browse Vendors",
                    "link": {
                      "url": "/browse-vendors/",
                      "is_external": false,
                      "nofollow": false,
                      "custom_attributes": ""
                    },
                    "button_type": "default",
                    "size": "md",
                    "button_custom_height": {
                      "unit": "px",
                      "size": "48"
                    },
                    "button_border_radius": {
                      "unit": "px",
                      "top": "4",
                      "right": "4",
                      "bottom": "4",
                      "left": "4",
                      "isLinked": true
                    },
                    "button_background_color": "#7F4F24",
                    "button_text_color": "#ffffff",
                    "button_typography_typography": "custom",
                    "button_typography_font_size": {
                      "unit": "px",
                      "size": "16"
                    },
                    "button_typography_font_weight": "600",
                    "button_border_border": "none",
                    "button_box_shadow": "0 2px 8px rgba(127, 79, 36, 0.3)",
                    "button_transition": "all 0.3s ease"
                  }
                }
              ]
            }
          ]
        },
        {
          "id": "card-3",
          "elType": "container",
          "settings": {
            "width": "33.33%",
            "display": "inline-block",
            "margin": {
              "unit": "px",
              "top": "0",
              "right": "15",
              "bottom": "0",
              "left": "15",
              "isLinked": false
            },
            "padding": {
              "unit": "px",
              "top": "0",
              "right": "0",
              "bottom": "0",
              "left": "0",
              "isLinked": false
            },
            "background_background": "classic",
            "background_color": "#ffffff",
            "border_border": "solid",
            "border_color": "#e0e0e0",
            "border_width": {
              "unit": "px",
              "top": "1",
              "right": "1",
              "bottom": "1",
              "left": "1",
              "isLinked": true
            },
            "border_radius": "8px",
            "box_shadow": "0 4px 15px rgba(0, 0, 0, 0.1)",
            "transition": "all 0.3s ease-in-out",
            "transform": "translateY(0px)"
          },
          "elements": [
            {
              "id": "card-3-image",
              "elType": "widget",
              "widgetType": "image",
              "settings": {
                "image": {
                  "url": "https://beardsandbucks.com/wp-content/uploads/2025/12/Gemini_Generated_Image_530kim530kim530k-scaled.png",
                  "id": "4682",
                  "size": "full"
                },
                "image_size": "full",
                "image_custom_dimension": [],
                "image_border_radius": {
                  "unit": "px",
                  "top": "8",
                  "right": "8",
                  "bottom": "0",
                  "left": "8",
                  "isLinked": false
                },
                "margin": {
                  "unit": "px",
                  "top": "0",
                  "right": "0",
                  "bottom": "0",
                  "left": "0",
                  "isLinked": false
                },
                "padding": {
                  "unit": "px",
                  "top": "0",
                  "right": "0",
                  "bottom": "0",
                  "left": "0",
                  "isLinked": false
                },
                "height": {
                  "unit": "px",
                  "size": "280"
                },
                "object_fit": "cover"
              }
            },
            {
              "id": "card-3-content",
              "elType": "container",
              "settings": {
                "padding": {
                  "unit": "px",
                  "top": "30",
                  "right": "25",
                  "bottom": "30",
                  "left": "25",
                  "isLinked": false
                }
              },
              "elements": [
                {
                  "id": "card-3-title",
                  "elType": "widget",
                  "widgetType": "heading",
                  "settings": {
                    "title": "Buy & Sell Gear",
                    "header_size": "h3",
                    "typography_typography": "custom",
                    "typography_font_size": {
                      "unit": "px",
                      "size": "24"
                    },
                    "typography_font_weight": "700",
                    "typography_line_height": {
                      "unit": "em",
                      "size": "1.3"
                    },
                    "text_color": "#333D29",
                    "margin": {
                      "unit": "px",
                      "top": "0",
                      "right": "0",
                      "bottom": "15",
                      "left": "0",
                      "isLinked": false
                    }
                  }
                },
                {
                  "id": "card-3-description",
                  "elType": "widget",
                  "widgetType": "text-editor",
                  "settings": {
                    "editor": "Move your used gear fast, snag quality equipment without retail markup, and yes, you can sell bows here too.",
                    "typography_typography": "custom",
                    "typography_font_size": {
                      "unit": "px",
                      "size": "15"
                    },
                    "typography_line_height": {
                      "unit": "em",
                      "size": "1.6"
                    },
                    "text_color": "#656D4A",
                    "margin": {
                      "unit": "px",
                      "top": "0",
                      "right": "0",
                      "bottom": "20",
                      "left": "0",
                      "isLinked": false
                    }
                  }
                },
                {
                  "id": "card-3-button",
                  "elType": "widget",
                  "widgetType": "button",
                  "settings": {
                    "text": "Shop Gear",
                    "link": {
                      "url": "/marketplace/",
                      "is_external": false,
                      "nofollow": false,
                      "custom_attributes": ""
                    },
                    "button_type": "default",
                    "size": "md",
                    "button_custom_height": {
                      "unit": "px",
                      "size": "48"
                    },
                    "button_border_radius": {
                      "unit": "px",
                      "top": "4",
                      "right": "4",
                      "bottom": "4",
                      "left": "4",
                      "isLinked": true
                    },
                    "button_background_color": "#7F4F24",
                    "button_text_color": "#ffffff",
                    "button_typography_typography": "custom",
                    "button_typography_font_size": {
                      "unit": "px",
                      "size": "16"
                    },
                    "button_typography_font_weight": "600",
                    "button_border_border": "none",
                    "button_box_shadow": "0 2px 8px rgba(127, 79, 36, 0.3)",
                    "button_transition": "all 0.3s ease"
                  }
                }
              ]
            }
          ]
        }
      ]
    }
  ],
  "custom_css": {
    "three-card-section": {
      "css": "\n      @keyframes float {\n        0%, 100% { transform: translateY(0px); }\n        50% { transform: translateY(-8px); }\n      }\n\n      .elementor-container > .elementor-row > .elementor-column {\n        animation: float 3s ease-in-out infinite;\n      }\n\n      .elementor-element[data-element_type='container'] {\n        animation: float 3s ease-in-out infinite;\n      }\n    ",
      "tablet": "",
      "mobile": ""
    },
    "card-1": {
      "css": "\n        cursor: pointer;\n        transition: all 0.3s cubic-bezier(0.34, 1.56, 0.64, 1);\n\n        &:hover {\n          transform: translateY(-12px);\n          box-shadow: 0 12px 35px rgba(0, 0, 0, 0.2);\n        }\n\n        &:hover button {\n          background-color: #936639 !important;\n          box-shadow: 0 4px 12px rgba(127, 79, 36, 0.5) !important;\n          transform: translateY(-2px);\n        }\n      ",
      "tablet": "",
      "mobile": ""
    },
    "card-2": {
      "css": "\n        cursor: pointer;\n        transition: all 0.3s cubic-bezier(0.34, 1.56, 0.64, 1);\n\n        &:hover {\n          transform: translateY(-12px);\n          box-shadow: 0 12px 35px rgba(0, 0, 0, 0.2);\n        }\n\n        &:hover button {\n          background-color: #936639 !important;\n          box-shadow: 0 4px 12px rgba(127, 79, 36, 0.5) !important;\n          transform: translateY(-2px);\n        }\n      ",
      "tablet": "",
      "mobile": ""
    },
    "card-3": {
      "css": "\n        cursor: pointer;\n        transition: all 0.3s cubic-bezier(0.34, 1.56, 0.64, 1);\n\n        &:hover {\n          transform: translateY(-12px);\n          box-shadow: 0 12px 35px rgba(0, 0, 0, 0.2);\n        }\n\n        &:hover button {\n          background-color: #936639 !important;\n          box-shadow: 0 4px 12px rgba(127, 79, 36, 0.5) !important;\n          transform: translateY(-2px);\n        }\n      ",
      "tablet": "",
      "mobile": ""
    }
  }
}
